BoroCT2010,LotArea,FP
1000100,3306076.0,429752.7078
1000201,1027607.0,363597.025848
1000202,4446012.0,579427.289294
1000500,9425990.0,1641188.87285
1000600,1982436.0,811541.229508
1000700,2181723.0,1215921.54465
1000800,1088037.0,707785.462144
1000900,1861884.0,1230673.98158
1001001,298550.0,69338.6467093
1001002,3498725.0,213133.345316
1001200,606570.0,288984.162894
1001300,2246047.0,1330418.85231
1001401,716175.0,170720.003006
1001402,558696.0,340184.307314
1001501,1616451.0,1127214.46791
1001502,1408936.0,948670.456217
1001600,1355216.0,832530.040477
1001800,1342489.0,914686.751398
1002000,732278.0,183445.825803
1002100,1737482.0,1301850.83873
1002201,1286132.0,479561.955408
1002202,293564.0,224600.083608
1002400,3140575.0,187187.252468
1002500,938066.0,195483.164316
1002601,656055.0,409127.235533
1002602,689546.0,469960.133306
1002700,309394.0,142472.101245
1002800,1348258.0,761701.49536
1002900,1677756.0,1146802.52285
1003001,778688.0,617444.441781
1003002,498634.0,284289.031551
1003100,1272701.0,772434.414315
1003200,1642546.0,695593.412095
1003300,1730942.0,1639045.80163
1003400,1045768.0,773899.857087
1003601,628354.0,316218.606688
1003602,498744.0,364444.036739
1003700,2329551.0,1689172.01219
1003800,1371243.0,1043514.82741
1003900,1859634.0,1398056.11079
1004000,1215025.0,865814.795905
1004100,1237124.0,1059098.95088
1004200,513284.0,424242.735258
1004300,971180.0,812139.823601
1004400,2712225.0,945572.521291
1004500,643268.0,615522.743117
1004700,1063078.0,926715.80195
1004800,1197325.0,762000.524317
1004900,1475580.0,1270088.99052
1005000,1026502.0,870106.50389
1005200,1010538.0,839150.013801
1005400,1194863.0,1068977.17325
1005501,865663.0,521645.864531
1005502,652339.0,578027.004301
1005600,1197122.0,788504.114613
1005700,677572.0,599580.728052
1005800,1101006.0,1046923.21822
1005900,800960.0,642006.32472
1006000,828650.0,204280.52746
1006100,947799.0,829223.542247
1006200,2685001.0,1240915.22235
1006300,1297115.0,997745.750844
1006400,1171685.0,873027.351498
1006500,1426740.0,802601.625769
1006600,1127019.0,706467.691706
1006700,1032857.0,757316.725513
1006800,1148532.0,994702.283532
1006900,2284877.0,1065241.97689
1007000,1261037.0,758207.470891
1007100,1077997.0,811939.186751
1007200,1110046.0,882689.266529
1007300,1133458.0,852524.522693
1007400,1125158.0,996535.466074
1007500,1274751.0,643124.19438
1007600,1124262.0,1058712.20979
1007700,1112146.0,818602.834993
1007800,1064076.0,678360.843955
1007900,1971132.0,1102368.12403
1008000,1135728.0,911476.610631
1008100,1246132.0,989092.547213
1008200,1132991.0,1003938.80003
1008300,1048774.0,830174.355885
1008400,1114963.0,931453.398806
1008601,278074.0,175071.109327
1008602,661909.0,350608.268719
1008603,689045.0,456290.70945
1008700,1193623.0,986329.564317
1008800,1027758.0,843886.849511
1008900,1159765.0,742047.882935
1009000,1195524.0,893256.313154
1009100,1206062.0,1084096.54826
1009200,1469744.0,1270946.33827
1009300,1224016.0,655666.401295
1009400,1013734.0,904429.31852
1009500,1184782.0,1042287.42236
1009600,1289119.0,1171683.49653
1009700,1331763.0,646758.96773
1009800,1224773.0,911251.554793
1009900,8827150.0,4171478.17788
1010000,1145493.0,965828.852828
1010100,1266822.0,1028380.28571
1010200,1129690.0,996224.052219
1010300,848656.0,822591.602536
1010400,1248575.0,1056518.81945
1010601,763759.0,500255.931829
1010602,716730.0,417814.762312
1010800,1205889.0,973728.326649
1010900,1186103.0,1142254.87222
1011000,1040872.0,757830.058249
1011100,931806.0,795260.504672
1011201,508026.0,446370.188152
1011202,496303.0,437199.110129
1011203,490030.0,435115.572016
1011300,1119607.0,1050929.91806
1011401,660506.0,551685.900412
1011402,664144.0,535937.180017
1011500,882547.0,807686.91208
1011600,1350699.0,955241.615185
1011700,2240528.0,1395121.82955
1011800,1180240.0,828426.107273
1011900,1196891.0,1129465.90725
1012000,1154383.0,897304.590227
1012100,1194460.0,932930.297653
1012200,1155448.0,937435.69761
1012400,1154190.0,968436.85928
1012500,1182349.0,992475.722512
1012600,1277516.0,938062.29326
1012700,1221593.0,920932.841049
1012800,1166207.0,889031.39394
1012900,3904171.0,1935977.55009
1013000,1150408.0,920732.324652
1013100,1208547.0,1048016.04594
1013200,1239366.0,787943.564213
1013300,1249593.0,944053.484485
1013400,1310078.0,954114.507643
1013500,3432447.0,1936293.54536
1013600,1452427.0,1041924.74402
1013700,1408891.0,1188335.26127
1013800,1285891.0,940899.039556
1013900,1289348.0,1011796.97577
1014000,1192956.0,891798.943285
1014200,1171341.0,886026.825333
1014300,36590000.0,775257.651501
1014401,513817.0,339895.486665
1014402,1393735.0,544619.836714
1014500,1111175.0,854908.429662
1014601,509223.0,416351.395644
1014602,761241.0,551931.726336
1014700,462238.0,351656.819361
1014801,336977.0,257166.0388
1014802,836128.0,668510.353701
1014900,1257244.0,811787.164943
1015001,336255.0,264927.258965
1015002,814025.0,593274.283117
1015100,1660083.0,1056689.02119
1015200,1379420.0,514582.145805
1015300,1150021.0,904245.30414
1015400,1337999.0,806244.171123
1015500,1805425.0,415219.333859
1015601,494789.0,330979.111978
1015602,817937.0,291583.004005
1015700,1284108.0,943826.796613
1015801,829319.0,563474.688843
1015802,294624.0,204215.306807
1015900,1008490.0,713508.862369
1016001,829145.0,644391.340955
1016002,330980.0,242975.491445
1016100,1139728.0,761943.675377
1016200,1779900.0,650527.281369
1016300,2727715.0,701705.533346
1016400,1254893.0,478153.47335
1016500,1555355.0,900362.059344
1016600,1058161.0,681035.828757
1016700,4123714.0,623463.220813
1016800,1339748.0,664782.957291
1016900,1303592.0,906632.51033
1017000,1278014.0,581595.858314
1017100,1005427.0,760683.126288
1017200,999052.0,614060.400402
1017300,1238958.0,827953.420662
1017401,625110.0,331417.657719
1017402,228385.0,148617.555361
1017500,2031448.0,760790.744054
1017700,1287135.0,776585.386477
1017800,1675655.0,780768.863022
1017900,1929067.0,668601.668594
1018000,1549805.0,619448.636023
1018100,945887.0,574252.927674
1018200,1168069.0,620677.494271
1018300,1972762.0,668735.426019
1018400,1196591.0,481780.692204
1018500,938243.0,349423.051668
1018600,928204.0,291979.672008
1018700,891957.0,641640.389645
1018800,930809.0,644037.322016
1018900,2019297.0,798292.528435
1019000,703238.0,446960.011067
1019100,1944654.0,632726.799365
1019200,1041816.0,238278.902137
1019300,1167389.0,731309.272589
1019400,1202383.0,536037.825099
1019500,3687339.0,621027.334806
1019600,1009993.0,664325.9674
1019701,2004403.0,272162.206227
1019702,317364.0,179712.624942
1019800,1620802.0,519606.221211
1019900,949485.0,680100.386181
1020000,810318.0,585144.882795
1020101,363012.0,306947.520351
1020102,509739.0,352115.310756
1020300,1439937.0,697492.526801
1020500,3600284.0,510011.688133
1020600,846231.0,550110.332933
1020701,306206.0,209635.064682
1020800,1000845.0,591082.909051
1020901,776282.0,328525.374833
1021000,1035049.0,264465.370372
1021100,4350056.0,754384.269063
1021200,1280445.0,658227.722656
1021303,1035499.0,694176.008813
1021400,1003585.0,316620.738894
1021500,404377.0,249672.798833
1021600,1055474.0,719781.448706
1021703,2491992.0,755402.40001
1021800,1103120.0,735163.975969
1021900,1428714.0,725223.743033
1022000,1159516.0,760643.331368
1022102,544341.0,366154.208518
1022200,1133971.0,870368.163447
1022301,1171789.0,1719469.07472
1022302,576662.0,216685.375029
1022400,1115917.0,599247.361422
1022500,991885.0,1826460.09242
1022600,929895.0,586665.678303
1022700,998164.0,662449.314568
1022800,1160424.0,739011.271695
1022900,1389110.0,624365.832867
1023000,1123206.0,675521.619183
1023100,1506100.0,642436.388988
1023200,1149946.0,693803.78653
1023300,1780509.0,602884.170796
1023400,731791.0,495983.300649
1023501,1421892.0,561975.791966
1023502,236222.0,169982.357456
1023600,1711113.0,672028.654593
1023700,1519465.0,588088.750109
1023801,5284555.0,1237513.78293
1023802,4721863.0,899705.287481
1023900,397710.0,202629.614418
1024000,25664590.0,1562505.54219
1024100,972588.0,639966.652971
1024200,1204671.0,664663.32317
1024301,646925.0,371564.524829
1024302,1511932.0,251037.486807
1024500,1362301.0,944494.330281
1024700,1069861.0,639166.67258
1024900,336260.0,169046.404076
1025100,943016.0,673021.735759
1025300,1066006.0,766969.693113
1025500,1700972.0,992581.477842
1025700,878782.0,637817.044382
1025900,424279.0,304878.539975
1026100,908299.0,651735.681986
1026300,912435.0,716033.113778
1026500,841065.0,636640.40636
1026700,328319.0,196154.306975
1026900,1045186.0,779871.84125
1027100,1242076.0,851133.608353
1027300,1253008.0,666796.792526
1027500,2452774.0,249946.235775
1027700,1164483.0,575038.668606
1027900,1175487.0,714483.642509
1028100,3340862.0,287164.006412
1028300,1085114.0,505843.436374
1028500,826202.0,543548.389045
1028700,5506077.0,581633.215342
1029100,1279075.0,810401.758444
1029300,1025263.0,686516.641454
1029500,922136.0,580429.640448
1029700,12557200.0,209508.925305
1029900,2531879.0,1642943.14133
1030300,656878.0,451266.696956
1030700,538931.0,328802.852364
1030900,3216049.0,1192504.44664
1031100,5539050.0,37813.1557474
1031703,3504375.0,836926.362277
1031704,4338851.0,600745.62306
1031900,945425.0,40707.4851031
2000100,17825000.0,3627904.49173
2000200,2419552.0,1020494.84277
2000400,7379435.0,1172054.65972
2001600,2919642.0,862223.424742
2001900,11273800.0,4017346.00807
2002000,2989330.0,937612.710534
2002300,821949.0,176529.575061
2002400,4862000.0,6682.40264458
2002500,782821.0,409666.219555
2002701,544627.0,194137.32025
2002702,958075.0,596029.1256
2002800,1969542.0,614726.727794
2003100,742872.0,601563.264862
2003300,1013276.0,462798.008157
2003500,942682.0,569138.169234
2003700,1581021.0,46653.2087207
2003800,405320.0,160584.224448
2003900,1423642.0,741549.183434
2004001,874219.0,329155.167902
2004100,1278619.0,503896.257464
2004200,3704821.0,861801.888266
2004300,1478339.0,841061.949791
2004400,1872130.0,381254.719632
2004600,926456.0,284224.553773
2004800,697883.0,368018.056631
2005001,722703.0,410381.970107
2005002,812519.0,550894.848853
2005100,2766315.0,1374928.85126
2005200,1214074.0,668493.871772
2005300,856800.0,130939.798956
2005400,1339577.0,806267.072713
2005600,999406.0,456705.971064
2005902,416046.0,252442.601362
2006000,661399.0,412520.336722
2006100,1719223.0,687903.031377
2006200,1240181.0,445600.769438
2006300,6045323.0,2848917.66218
2006400,998761.0,483506.7129
2006500,1831448.0,1167178.54402
2006700,1418949.0,647260.286659
2006800,969410.0,411955.396795
2006900,1320289.0,551264.691299
2007000,1468332.0,702730.392287
2007100,1594826.0,718854.826317
2007200,1441991.0,688264.729572
2007300,938430.0,446709.277084
2007400,1434410.0,387775.621564
2007500,1399905.0,626406.975928
2007600,1430467.0,772881.936688
2007700,759153.0,398910.93086
2007800,1963577.0,920010.817681
2007900,1248087.0,522527.953656
2008300,1388798.0,822489.975778
2008400,1082638.0,383921.935108
2008500,1211054.0,743927.180061
2008600,1472413.0,293710.885401
2008700,1347400.0,599858.764143
2008900,640213.0,404586.534749
2009000,6851402.0,2204222.99262
2009200,1826294.0,910989.631576
2009300,14306306.0,7132278.25402
2009600,4790503.0,2211701.44993
2009800,3037720.0,1059308.83957
2011000,7819481.0,170186.223925
2011502,1766094.0,989555.634351
2011700,14350263.0,3084951.65134
2011800,12121160.0,1822893.45442
2011900,1130528.0,611567.053314
2012101,725923.0,415609.083096
2012102,285030.0,211409.622326
2012300,1121749.0,604458.871998
2012500,985306.0,545338.18809
2012701,635255.0,346876.883535
2012901,934341.0,517287.284794
2013000,722660.0,265877.837064
2013100,1446713.0,675177.636449
2013200,4385937.0,1442466.65103
2013300,1244845.0,365238.230666
2013500,1125303.0,399344.808358
2013800,3730428.0,983828.211575
2014100,906714.0,502903.131398
2014300,556894.0,362719.868978
2014400,3015550.0,617397.614111
2014500,1173210.0,535416.705553
2014701,1060666.0,298171.159862
2014702,890088.0,211664.122538
2014900,1083338.0,520877.100552
2015100,1284436.0,670596.536329
2015200,1737236.0,697128.522697
2015300,1511524.0,586583.159486
2015500,721809.0,377564.92325
2015700,1351408.0,762759.203861
2015800,1089422.0,454353.751129
2015900,743854.0,367136.329545
2016000,3325519.0,1041838.02176
2016100,1522976.0,904580.636077
2016200,1305756.0,495452.562757
2016300,5513500.0,33367.8949481
2016400,1144329.0,469130.180739
2016500,886541.0,581013.294769
2016600,1652264.0,604728.642434
2016700,1205204.0,781405.916568
2016900,556835.0,232569.433508
2017100,1648310.0,7206.93298651
2017300,1040126.0,524182.211537
2017500,1017254.0,615617.851273
2017701,701504.0,434386.157488
2017702,883301.0,540178.209763
2017901,499946.0,314685.002723
2017902,331461.0,230949.669349
2018101,544831.0,351664.635924
2018102,581405.0,397057.351873
2018301,412872.0,292870.907875
2018302,787615.0,508921.668403
2018400,2957159.0,1090553.5796
2018500,2346481.0,1386715.60513
2018900,2255150.0,983107.019661
2019300,1976950.0,584937.468689
2019400,3141748.0,663569.097675
2019500,1134426.0,726763.295664
2019700,902308.0,598074.694864
2019900,1137219.0,707697.040635
2020000,1984027.0,1170546.85832
2020100,698830.0,370692.984302
2020200,849256.0,438202.178069
2020400,909632.0,466722.541453
2020501,1099586.0,397735.09483
2020502,665563.0,309356.611941
2020601,1000771.0,508349.932437
2020900,813297.0,548686.679993
2021001,3211926.0,537562.088842
2021002,201919.0,407170.109799
2021100,879748.0,513458.040677
2021200,9273.0,314047.344817
2021301,210691.0,150340.786906
2021302,940757.0,540274.680047
2021501,630350.0,373221.319354
2021502,941242.0,553392.064965
2021601,1020168.0,547279.791211
2021602,369777.0,541735.777106
2021700,885997.0,587955.198448
2021800,1625358.0,744623.206082
2021900,758954.0,608286.867231
2022000,685078.0,465791.059021
2022101,428128.0,298030.214684
2022102,514242.0,347427.848509
2022200,1437302.0,756873.32164
2022300,613253.0,426772.491107
2022401,433835.0,295220.494842
2022403,442738.0,324953.347155
2022404,729904.0,444496.869291
2022500,1149722.0,634195.210552
2022701,592688.0,423681.634546
2022702,180483.0,127481.635805
2022703,213670.0,157532.011023
2022800,1160291.0,607926.621455
2022901,657888.0,435923.0394
2022902,501649.0,306608.412974
2023000,810468.0,444833.776093
2023100,652196.0,430499.761018
2023200,1003630.0,482669.717851
2023301,768312.0,473395.532924
2023302,388278.0,239216.727755
2023501,321868.0,234200.351062
2023502,533706.0,354446.015132
2023600,575152.0,301134.495515
2023702,269087.0,228693.712481
2023703,607042.0,451883.360149
2023704,437794.0,304832.22603
2023800,1318817.0,1078024.28681
2023900,1122010.0,809460.182159
2024000,1379508.0,642947.438281
2024100,867540.0,608236.669899
2024300,1100727.0,558978.811493
2024400,1188964.0,597053.037362
2024501,750292.0,418564.794688
2024502,725755.0,394323.666247
2024600,999230.0,410074.43155
2024700,845286.0,184375.483026
2024800,1433964.0,646894.370186
2024900,1613275.0,370133.025177
2025000,1282189.0,569991.553817
2025100,1292246.0,695292.607335
2025200,1361750.0,657115.559362
2025300,734727.0,512639.926148
2025400,1199829.0,520770.454359
2025500,1121115.0,606612.128569
2025600,1072512.0,465860.49026
2025700,498356.0,168368.595563
2026100,1654225.0,305279.002337
2026300,1115611.0,493503.35564
2026400,2904126.0,1205709.76371
2026500,1186368.0,944184.052709
2026601,1101646.0,486030.080777
2026602,2078265.0,1062974.72132
2026701,462303.0,304923.603035
2026702,1005593.0,574031.559179
2026900,1392015.0,509851.894345
2027300,1349191.0,705224.862467
2027401,4223365.0,1376162.23114
2027402,4705975.0,1094798.13624
2027600,16397391.0,15595.4551738
2027700,954868.0,441349.588486
2027900,1740401.0,741120.775988
2028100,789846.0,346666.511472
2028300,1072280.0,549184.272689
2028400,6526049.0,1503901.3138
2028500,1768809.0,607377.584211
2028600,1384849.0,558439.945058
2028700,1123307.0,515826.918827
2028800,2347294.0,824645.706445
2028900,1365409.0,600196.304374
2029301,1254711.0,231427.557526
2029302,2848818.0,821829.273024
2029500,1329485.0,713926.425271
2029600,4006039.0,1207363.83237
2029700,1439301.0,598244.44261
2030000,2913420.0,1256128.93136
2030100,1091769.0,269578.675818
2030200,2568904.0,545418.801581
2030701,3239592.0,864301.87983
2030900,7379833.0,1054227.71886
2031000,4536627.0,1437111.37767
2031200,1439326.0,494728.605801
2031400,1473546.0,506625.791415
2031600,1224080.0,428786.985953
2031800,1163649.0,412299.246721
2031900,2121737.0,187194.726075
2032300,4352827.0,973605.372181
2032400,2155612.0,545401.791706
2032600,2206125.0,809855.974184
2032800,1445357.0,522302.304939
2033000,1343775.0,677482.718617
2033201,912594.0,382606.169938
2033202,787241.0,364549.753074
2033400,33980571.0,947725.013095
2033500,3814928.0,832976.996043
2033600,1615533.0,497359.269056
2033700,2795505.0,887091.383046
2033800,1087370.0,621724.541163
2034000,1068157.0,552004.482966
2034200,925103.0,374525.454155
2034300,808596.0,307169.632892
2034400,990455.0,401427.852855
2034500,1735901.0,595692.804063
2034800,2964785.0,1018356.30078
2035000,1106473.0,427333.971315
2035100,3939272.0,910367.597656
2035600,2818146.0,829328.01914
2035800,4139012.0,1504568.38116
2035900,677527.0,378286.811866
2036000,1780965.0,615499.018406
2036100,1079911.0,469610.521807
2036300,1152655.0,676650.570592
2036400,1392028.0,628150.442814
2036501,645174.0,372452.526523
2036502,513503.0,280258.56383
2036700,648861.0,348257.530001
2036800,1161018.0,431843.171931
2036901,511660.0,332834.416902
2036902,357270.0,152129.847166
2037000,1089867.0,453885.933758
2037100,1269339.0,570320.984862
2037200,1267628.0,504860.110979
2037300,1117615.0,558096.085086
2037400,1121283.0,437600.42284
2037504,1275114.0,816303.249244
2037600,831390.0,335230.152946
2037800,768877.0,384850.366853
2037900,1160357.0,679556.009346
2038000,1489690.0,714927.24476
2038100,916514.0,501511.222341
2038200,1029048.0,424037.743172
2038301,604722.0,363473.577666
2038302,910778.0,508241.940549
2038500,1103062.0,655631.213494
2038600,2563319.0,1110215.01448
2038700,1160524.0,742451.849055
2038800,1044539.0,407813.169757
2038900,1122673.0,662382.958644
2039000,1430339.0,635764.318153
2039100,1337004.0,843265.282939
2039200,745745.0,333396.436111
2039300,1264053.0,684144.548629
2039400,1088920.0,552621.143799
2039500,2466318.0,1062577.98923
2039600,1655716.0,729989.937223
2039700,4804466.0,1063710.49473
2039800,1416329.0,527908.465715
2039901,903345.0,569369.339801
2039902,807539.0,535676.791155
2040100,1180308.0,497181.352526
2040302,390846.0,265139.029349
2040303,558678.0,338784.891941
2040304,462167.0,297272.349565
2040400,1594193.0,638236.429991
2040501,583437.0,367945.225496
2040502,1071824.0,570868.068904
2040600,1718273.0,748157.679323
2040701,347923.0,226802.528225
2040702,1305064.0,625020.173805
2040800,941644.0,497268.968505
2040900,9333558.0,1393620.63995
2041100,653745.0,413705.546658
2041300,1107727.0,640042.860733
2041400,3062748.0,1404770.32445
2041500,982033.0,563385.198516
2041800,1493413.0,763414.50735
2041900,1311721.0,778940.260776
2042000,1098270.0,598943.442226
2042100,1288055.0,933973.309681
2042200,1306641.0,574402.895976
2042300,1116793.0,383646.232433
2042400,1247874.0,473268.757371
2042500,1426312.0,855070.276758
2042600,3478711.0,1299353.60213
2042800,1150625.0,442034.5107
2042901,490450.0,288391.437928
2042902,689867.0,401828.919947
2043000,1398229.0,572436.736996
2043100,1443171.0,936225.206131
2043400,1679616.0,973960.463289
2043500,65919867.0,688942.948218
2043600,1087864.0,439841.108994
2044200,1644128.0,725965.689848
2044400,2736584.0,857360.025672
2044800,1176636.0,421112.835311
2044901,1114770.0,469334.141315
2044902,1158316.0,519302.853097
2045101,974808.0,475675.696003
2045102,1289806.0,542553.535499
2045600,4718131.0,1327090.67157
2045800,2506120.0,347745.867587
2046000,2124456.0,558878.317539
2046201,14802378.0,2960102.79091
2046202,5364910.0,1984944.09101
2048400,3748434.0,1275192.62869
2050400,95326544.0,267829.328091
2051600,15857299.0,2294027.8785
3000100,1942159.0,865946.010816
3000200,1742589.0,1222405.75657
3000301,1909817.0,602818.122243
3000501,630242.0,455764.174228
3000502,692794.0,489831.326574
3000700,1454427.0,701962.716247
3000900,1017403.0,795429.443578
3001100,1047425.0,785912.264883
3001300,1760528.0,645199.470232
3001500,1596954.0,996794.930666
3001800,17716569.0,6190657.40462
3002000,928616.0,760228.879971
3002100,3213257.0,1838854.11288
3002200,1998187.0,1415632.34671
3002300,942450.0,163325.674044
3002901,755871.0,212645.229225
3003000,695048.0,351211.613392
3003100,2535773.0,496567.282025
3003300,1004066.0,731316.981046
3003400,2179044.0,838911.55445
3003500,860791.0,584117.50798
3003600,915346.0,523509.923528
3003700,899377.0,885552.976713
3003800,671969.0,357838.795179
3003900,1004420.0,692105.409254
3004100,1126885.0,668559.334526
3004300,1082702.0,709906.216202
3004400,11975873.0,1044797.61815
3004500,1197932.0,698740.860864
3004600,11371098.0,669205.973151
3004700,1912520.0,946392.532888
3004900,717419.0,432780.152051
3005000,1338078.0,623648.557918
3005100,1033168.0,630747.092364
3005201,892770.0,294410.143765
3005202,671676.0,376176.949679
3005300,12789462.0,4096683.56602
3005400,10387961.0,567253.570454
3005601,791601.0,467045.928673
3005602,9933943.0,304033.55558
3005800,1391476.0,740704.101577
3005900,1853753.0,1254776.70202
3006000,1087115.0,612293.762426
3006200,1186239.0,619955.900434
3006300,612578.0,369278.514588
3006400,1492649.0,777714.937572
3006500,1585043.0,884707.456289
3006600,1053282.0,650876.927579
3006700,1140594.0,671837.182146
3006800,1377983.0,821290.169375
3006900,1288447.0,804029.626782
3007000,794067.0,472271.479581
3007100,1309483.0,511636.319171
3007200,329657.0,196248.400085
3007400,959540.0,562226.179193
3007500,2003212.0,1063194.1386
3007600,996002.0,591490.238592
3007700,2268416.0,1156597.16583
3007800,998938.0,573486.617285
3008000,991213.0,546796.079864
3008200,936545.0,525427.654283
3008400,1414370.0,877635.569569
3008500,2098661.0,362981.840455
3008600,1067080.0,21424.0996943
3008800,701397.0,726173.838661
3009000,690680.0,611898.253716
3009200,842407.0,523250.286291
3009400,1117830.0,733415.812838
3009600,1116929.0,650201.205147
3009800,1125685.0,654555.927995
3010000,1099304.0,639835.908724
3010100,2217432.0,1429581.41963
3010200,1116863.0,639777.251708
3010400,1111903.0,708617.434821
3010600,1114470.0,661319.238809
3010800,1086072.0,661551.896297
3011000,1016833.0,522615.405579
3011200,1145450.0,739038.137153
3011400,1176448.0,803795.212722
3011600,1157966.0,612891.659225
3011700,1353296.0,953807.784351
3011800,1153010.0,724214.148096
3011900,4162706.0,2762408.4309
3012000,1114713.0,743806.518076
3012100,871023.0,589896.585075
3012200,1124605.0,723570.825973
3012600,1089217.0,556296.51008
3012700,1075193.0,626471.897932
3012801,508246.0,311316.481861
3012901,1178696.0,732195.131847
3012902,680158.0,405803.853607
3013000,1349909.0,778117.16518
3013100,1157794.0,605712.689924
3013200,767369.0,413196.631559
3013300,1042984.0,633154.857542
3013400,1538278.0,870574.713942
3013500,1066569.0,571490.086959
3013600,1408037.0,823417.402659
3013700,1070678.0,628964.377222
3013800,1200473.0,763613.144793
3013900,1063819.0,634834.481579
3014000,994892.0,526597.857542
3014100,1153066.0,685003.311786
3014200,903873.0,562329.50387
3014300,1293888.0,788593.778102
3014500,1504242.0,802297.726572
3014700,709725.0,384335.994157
3014800,977080.0,412840.874167
3014900,1689279.0,968714.843935
3015000,966684.0,436597.064077
3015100,1067918.0,655623.627422
3015200,2135310.0,604474.290889
3015300,1031003.0,628798.878996
3015400,10490000.0,33505.2645116
3015500,1085204.0,650009.659548
3015700,1216250.0,768690.004598
3015900,18480881.0,1036970.79601
3016000,1529787.0,964285.879393
3016100,1068430.0,647796.050588
3016200,4373466.0,435568.9594
3016300,1084559.0,586692.616192
3016400,7725343.0,911384.193434
3016500,1332023.0,854465.295282
3016600,1948413.0,794424.020878
3016700,1221543.0,743638.900176
3016800,897934.0,351948.320344
3016900,1482238.0,841476.94005
3017000,1476828.0,700881.040279
3017100,1453816.0,790540.151924
3017200,1447308.0,679128.724803
3017400,883363.0,375036.719932
3017500,20309060.0,64723.9150163
3017600,821035.0,381394.022226
3017700,22829374.0,529237.42412
3017800,1025638.0,588334.442455
3017900,920479.0,371898.653772
3018000,1213206.0,597689.747526
3018100,1137252.0,618443.392386
3018200,1159938.0,642316.813837
3018300,953981.0,536307.445764
3018400,1094577.0,476275.533878
3018501,823052.0,225631.976955
3018600,840266.0,463329.963593
3018700,504255.0,244862.981984
3018800,1209374.0,638916.019471
3019000,1502812.0,813820.276342
3019100,1412291.0,884565.783707
3019200,1045591.0,671544.196414
3019300,2173843.0,640008.34599
3019400,1166506.0,607941.430391
3019500,927881.0,494433.500428
3019600,1372806.0,753875.067894
3019700,1103524.0,559056.724162
3019800,979919.0,489820.000641
3019900,1102779.0,686829.09343
3020000,971693.0,553028.863298
3020100,1207944.0,642788.151081
3020200,979087.0,496718.833159
3020300,829644.0,483938.237875
3020400,977405.0,509619.986768
3020500,1069904.0,594467.961241
3020600,1248250.0,650660.819134
3020700,995424.0,549732.89186
3020800,1049518.0,593269.467843
3021000,1071527.0,599364.65181
3021100,1175779.0,431477.290931
3021200,1294910.0,724391.711898
3021300,1172893.0,646821.945113
3021400,894370.0,520813.508378
3021500,1052094.0,626864.87119
3021600,1223506.0,688849.814852
3021700,821397.0,476906.980911
3021800,1116646.0,714723.645093
3021900,968544.0,546551.955451
3022000,1357872.0,874850.122903
3022100,995674.0,566087.008244
3022200,1191836.0,798819.102567
3022400,1275021.0,738423.388904
3022600,953165.0,703486.156518
3022700,1450098.0,861750.425582
3022800,1044972.0,696134.896559
3022900,1127939.0,613060.660975
3023000,1104676.0,703284.214049
3023100,1114052.0,660705.870401
3023200,1627703.0,1054703.52431
3023300,1139242.0,570013.130358
3023400,1217338.0,780545.914426
3023500,1003170.0,556796.412987
3023600,1224293.0,803172.28883
3023800,1205172.0,771137.427468
3024000,1200059.0,722681.82068
3024100,1170739.0,796850.591861
3024200,1211051.0,728295.185101
3024300,1091121.0,567380.762853
3024400,1110266.0,629090.094923
3024500,1174037.0,657993.6712
3024600,1244740.0,678482.817872
3024700,1219101.0,801554.643917
3024800,1192506.0,763149.698163
3024900,1190491.0,667242.009872
3025000,1085225.0,653607.798602
3025100,985942.0,461112.772989
3025200,1274849.0,762702.36384
3025300,1124711.0,475580.695421
3025400,1147574.0,640326.340409
3025500,1102100.0,227750.077304
3025600,1229779.0,643195.815607
3025700,1052761.0,617656.491443
3025800,1259916.0,759198.497344
3025901,536079.0,291208.787042
3025902,521950.0,92226.8257468
3026000,1196622.0,690898.675192
3026100,1373867.0,736156.150862
3026200,1051616.0,501685.319914
3026300,847903.0,252940.505204
3026400,1337873.0,785219.983138
3026500,1084702.0,600107.9495
3026600,1223116.0,732738.760563
3026700,1125021.0,612879.367297
3026800,1243344.0,747593.255822
3026900,923769.0,504586.147839
3027000,982185.0,512755.163163
3027100,1636915.0,736952.568318
3027200,968432.0,536575.965047
3027300,1165970.0,498589.016638
3027400,1187132.0,631707.00881
3027500,1157398.0,668540.706417
3027600,1062553.0,637364.848518
3027700,1168726.0,520571.575239
3027800,1108519.0,614616.229795
3027900,1139753.0,560995.10015
3028000,899513.0,493929.978011
3028100,1092550.0,529123.034033
3028200,1049021.0,498613.115669
3028300,819101.0,375228.026101
3028400,1200188.0,658627.007974
3028501,651462.0,316576.970518
3028502,1000100.0,169253.310507
3028600,1160784.0,551973.397843
3028700,899792.0,480132.562203
3028800,1105295.0,639050.553849
3028900,1085850.0,515865.348749
3029000,1107492.0,610578.287493
3029100,1193023.0,601994.032913
3029200,1413861.0,410283.010785
3029300,1086828.0,578918.233868
3029400,2017053.0,534530.474402
3029500,1194938.0,636674.229541
3029600,1514915.0,821809.568055
3029700,1449443.0,675884.559505
3029800,1472950.0,775614.729043
3029900,931124.0,406198.618141
3030000,1304256.0,657189.586903
3030100,1165608.0,603183.61116
3030200,1520364.0,688518.576306
3030300,1477262.0,732879.161834
3030400,3975034.0,1065354.63811
3030500,2056800.0,1285605.53236
3030600,1345007.0,495332.812003
3030700,1673986.0,791079.259376
3030800,1938084.0,1367365.37705
3030900,996606.0,559731.661469
3031100,1019571.0,616139.433739
3031300,1165248.0,717760.473555
3031400,5837860.0,698765.043192
3031500,1236038.0,770568.462045
3031701,1048819.0,612442.567715
3031702,990146.0,547054.719198
3031900,1060586.0,589011.676669
3032100,1128546.0,667163.965298
3032300,1217178.0,780141.31326
3032500,1175129.0,556333.302655
3032600,1929832.0,733800.178445
3032700,1012488.0,711014.343029
3032800,1844839.0,633448.4068
3032900,1042260.0,610369.954383
3033000,2455828.0,380444.545368
3033100,1022105.0,615249.005942
3033300,1392577.0,815155.830798
3033500,1294454.0,711030.88742
3033600,4094294.0,1504006.77109
3033700,1193782.0,671918.010517
3033900,1304849.0,711877.330428
3034000,724511.0,156099.316333
3034100,1046872.0,474312.243739
3034200,1698687.0,488160.950505
3034300,1274689.0,433107.310587
3034500,1285508.0,460072.67561
3034700,963745.0,501651.98942
3034800,3076680.0,1859996.99795
3034900,1128284.0,680542.116448
3035000,1505967.0,341002.937671
3035100,1116620.0,702356.674714
3035200,19563247.0,506806.128065
3035300,1144377.0,645770.482908
3035400,2542117.0,620961.641181
3035500,925758.0,608833.729142
3035601,539730.0,76738.5570389
3035602,1195042.0,263471.578885
3035700,1191047.0,282511.919884
3035900,1243893.0,725253.508609
3036001,512042.0,364957.202016
3036002,613735.0,437763.831787
3036100,741588.0,430317.739547
3036200,1140849.0,726659.236196
3036300,1403734.0,665491.436954
3036400,821958.0,458273.20692
3036501,871060.0,361300.615052
3036502,561802.0,340370.819857
3036600,1176526.0,581434.104727
3036700,843639.0,471141.887292
3036900,1432099.0,765987.820797
3037000,2379814.0,1011258.17538
3037100,1218077.0,618323.257485
3037300,1141354.0,600487.440495
3037401,1471957.0,629693.418513
3037402,1923218.0,773339.163518
3037500,1018487.0,605579.473156
3037700,1349069.0,647469.985983
3037900,1232730.0,661574.881359
3038100,1757319.0,638603.403209
3038200,1921010.0,394269.023982
3038300,1214033.0,664384.21574
3038500,1212652.0,595547.406694
3038600,1620662.0,802069.03184
3038700,1275388.0,764704.051413
3038800,1423082.0,664480.029212
3038900,1060101.0,678584.937743
3039000,1104908.0,517523.182836
3039100,981370.0,647580.794147
3039200,1184390.0,626848.194127
3039300,1188102.0,704669.769465
3039400,1261490.0,668196.588162
3039500,1018813.0,593237.48857
3039600,1188395.0,610779.217821
3039700,997022.0,592947.729783
3039800,1344233.0,680372.303085
3039900,1039746.0,558103.809519
3040000,1290301.0,710087.249126
3040100,1061201.0,609433.978065
3040200,1198876.0,572072.967362
3040300,1287877.0,735814.276234
3040400,1060518.0,535252.539105
3040500,692553.0,302973.552963
3040600,1106835.0,574591.026527
3040700,5445112.0,40553.9297584
3040800,1004574.0,592031.855073
3040900,1025002.0,662158.205074
3041000,1051642.0,477613.118764
3041100,921303.0,507696.660158
3041200,1168483.0,671556.840767
3041300,1150137.0,583788.861084
3041401,967129.0,430208.256853
3041402,1025940.0,509495.80236
3041500,1181648.0,584384.036553
3041600,1168049.0,588183.225168
3041700,1039229.0,444149.181811
3041800,1101133.0,618402.294239
3041900,1157078.0,503427.797029
3042000,1156077.0,637747.414039
3042100,1019882.0,557794.345527
3042200,1545011.0,834941.431
3042300,1197492.0,656584.061341
3042400,1136671.0,642640.567227
3042500,1136135.0,572193.935667
3042600,1065044.0,650831.058377
3042700,1001220.0,635324.760104
3042800,1148853.0,655320.412048
3042900,1264488.0,661581.602319
3043000,1098803.0,539660.112436
3043100,1160823.0,789676.609433
3043200,929344.0,571897.468156
3043300,1094917.0,593979.188209
3043400,898650.0,503194.732512
3043500,1252226.0,655306.04618
3043600,976610.0,624332.241729
3043700,1103845.0,678001.533049
3043800,1008805.0,537116.902609
3043900,1362746.0,849620.452806
3044000,1322666.0,716516.938944
3044100,991477.0,636350.587919
3044200,1305053.0,662215.161543
3044300,1173667.0,761882.038794
3044400,1219501.0,632237.653904
3044500,1138764.0,681357.022066
3044600,965618.0,554769.504985
3044700,1089391.0,880276.322836
3044800,1155279.0,471100.01802
3044900,16594394.0,6593435.90651
3045000,1126948.0,251478.100908
3045200,1298072.0,651535.551818
3045300,1984736.0,1614239.9603
3045400,899270.0,527483.66864
3045600,1049999.0,571386.79551
3045800,1242197.0,568153.821986
3046000,1352772.0,665777.286799
3046201,803476.0,412117.564945
3046202,1050751.0,631615.328085
3046400,1055949.0,570935.554869
3046800,1174392.0,493660.677047
3047000,1225413.0,664040.494376
3047200,1132684.0,672762.931791
3047400,1205289.0,697303.830143
3047600,1501646.0,801278.92727
3047700,1215561.0,709422.986286
3047800,1484901.0,841699.792816
3048000,1157358.0,590735.056551
3048100,1005922.0,656630.100716
3048200,1354685.0,648978.761407
3048400,1459408.0,766891.145655
3048500,4079087.0,2822835.22052
3048600,1116709.0,691469.65107
3048800,1063807.0,574141.134734
3048900,830986.0,100994.886708
3049000,1289049.0,678779.220515
3049100,1462636.0,711228.027915
3049200,1090367.0,598210.428039
3049300,1646861.0,815089.334514
3049400,1197360.0,632296.399911
3049500,855193.0,564184.117862
3049600,1393348.0,783989.435394
3049700,1124189.0,680516.044398
3049800,1427153.0,709204.980975
3049900,860343.0,544936.194916
3050000,1446769.0,609435.596639
3050100,903208.0,554249.050079
3050202,898262.0,403810.849437
3050300,855435.0,508948.241981
3050400,1210455.0,637386.247513
3050500,1245236.0,615017.233463
3050600,1165153.0,685330.394981
3050700,736594.0,474409.424011
3050801,564565.0,423337.633876
3050803,390364.0,263039.768059
3050804,685784.0,440950.108251
3050900,858702.0,542798.711062
3051001,517222.0,366962.347892
3051002,748327.0,476983.627825
3051100,1077844.0,474248.059559
3051200,1016186.0,548601.51831
3051300,1324867.0,879458.351415
3051400,1273626.0,697130.060529
3051500,1414194.0,371021.977197
3051601,807373.0,521758.132855
3051602,635786.0,407430.906631
3051700,1615214.0,464399.288666
3051800,1428454.0,662593.020288
3051900,1647959.0,1137135.92337
3052000,1251838.0,674054.167141
3052300,826477.0,566181.352341
3052500,668157.0,348948.008975
3052600,1220914.0,604291.588865
3052700,1008264.0,634002.52548
3052800,1231218.0,511875.356743
3052900,1063767.0,746869.717099
3053000,1190699.0,692313.700389
3053100,1002922.0,660105.126129
3053200,1221714.0,534902.700257
3053300,1159258.0,738882.297175
3053400,1271799.0,740408.362522
3053500,803560.0,538958.549948
3053700,761056.0,575174.504206
3053800,1138876.0,651714.668505
3053900,756446.0,362498.857792
3054200,1389130.0,749810.738638
3054300,8858186.0,2611872.83277
3054400,1257264.0,664327.024056
3054500,2238759.0,437980.091697
3054600,1208090.0,667985.153174
3054700,1310469.0,680992.915747
3054800,1238746.0,617136.411581
3054900,1135220.0,698635.997972
3055000,1209055.0,676347.688474
3055100,1888180.0,1040163.6935
3055200,1027796.0,699275.128162
3055300,1024932.0,712534.458658
3055400,1187668.0,874817.680288
3055500,1850457.0,1222733.25838
3055600,1410942.0,697018.609015
3055700,2113898.0,1227588.29216
3055800,1058418.0,540261.329855
3056000,1338993.0,662000.04246
3056100,2417133.0,1462676.82314
3056200,1250171.0,594010.014969
3056300,2681547.0,1412749.51216
3056400,1286665.0,615640.957717
3056500,2182160.0,1125944.47715
3056600,1229414.0,549025.06068
3056800,778898.0,347193.519142
3056900,872125.0,643768.238696
3057000,1779490.0,757135.630747
3057100,1261960.0,733557.016058
3057200,2205000.0,322893.748121
3057300,1148097.0,718159.038415
3057400,1156755.0,567678.020364
3057500,1307663.0,795405.841993
3057600,1120089.0,649157.43953
3057800,1245667.0,687672.307086
3057900,3886315.0,2454465.60553
3058000,1025738.0,566468.617016
3058200,1147820.0,599990.137338
3058400,1327629.0,685329.809077
3058600,1037514.0,529373.341626
3058800,1148653.0,578148.647289
3058900,3434393.0,1512197.46103
3059000,957183.0,434431.25783
3059100,1473687.0,641558.777297
3059200,1539536.0,796442.300012
3059300,1372682.0,937607.399294
3059401,3033491.0,1528936.73216
3059402,2345242.0,1187331.85258
3059600,1267218.0,565634.744283
3059800,1356221.0,488187.368609
3060000,3169557.0,1433085.97004
3060600,999551.0,640711.931971
3060800,1400515.0,793544.588517
3061002,2000160.0,482767.763997
3061003,477876.0,290873.859441
3061004,1505881.0,885314.744423
3061200,1245787.0,469032.789746
3061600,5502611.0,1365886.85667
3062000,2325719.0,861653.722355
3062200,1420577.0,747329.347533
3062600,2510270.0,765397.169259
3062800,4976690.0,2064886.26732
3063200,795461.0,347525.415989
3063600,838974.0,335856.55521
3063800,978978.0,378344.766778
3064000,1089942.0,473382.933896
3064200,1681635.0,728169.141302
3064400,1364790.0,638296.510264
3064600,1213407.0,551371.168734
3064800,1111155.0,500628.886342
3065000,1102174.0,550736.731503
3065200,1250110.0,518640.974066
3065400,1112228.0,473572.560255
3065600,1120794.0,457654.648016
3065800,1118460.0,472743.189573
3066000,1124710.0,484060.890375
3066200,1453946.0,656596.361124
3066600,80325834.0,166005.07915
3067000,1322504.0,546729.82005
3067200,1014875.0,589819.844529
3067400,1278841.0,591816.538957
3067600,997087.0,473825.611468
3067800,1199028.0,518253.902538
3068000,1187391.0,545050.652691
3068200,1411133.0,595041.731206
3068600,954841.0,375588.310672
3068800,1077987.0,468920.27526
3069000,1237371.0,564577.597104
3069200,1195539.0,505305.10626
3069601,4810861.0,938258.37329
3069602,7066456.0,1634836.73211
3069800,3919619.0,1755452.84132
3070000,1414474.0,483551.291005
3070201,7652714.0,2592386.47291
3070202,63738492.0,903053.30324
3070600,16065900.0,1071236.72448
3072000,997637.0,447124.952753
3072200,1754675.0,761855.249962
3072400,1243521.0,569889.705592
3072600,1805076.0,936706.859944
3072800,1466224.0,666952.353138
3073000,1197178.0,590483.728097
3073200,986097.0,466118.770365
3073400,925484.0,451622.044208
3073600,1084923.0,511695.25368
3073800,1147068.0,605178.067682
3074000,1091130.0,574064.436221
3074200,1266096.0,686806.482102
3074400,1262858.0,588638.399599
3074600,1252323.0,648726.879787
3074800,1238781.0,621679.712973
3075000,1304339.0,685918.946703
3075200,1270962.0,570478.60939
3075400,1279823.0,553895.031804
3075600,1313662.0,564347.227941
3075800,1440174.0,661878.553034
3076000,1332327.0,631574.513106
3076200,1383718.0,685925.862764
3076400,1099201.0,552830.980549
3076600,583272.0,296426.714614
3076800,1878104.0,1092215.71726
3077000,1094066.0,564932.538825
3077200,3037000.0,1380419.37172
3077400,817414.0,540256.044936
3077600,1204654.0,549828.074949
3078000,1225088.0,553323.991132
3078200,1276163.0,446835.663319
3078400,1217185.0,567355.939792
3078600,1187837.0,672498.578252
3078800,1007619.0,539467.776372
3079000,1244684.0,765830.325455
3079200,1416474.0,815503.209829
3079400,1500500.0,946922.124093
3079601,878875.0,491476.73539
3079602,953756.0,601997.886027
3079801,972009.0,506774.020361
3079802,734280.0,437270.772107
3080000,1263324.0,687296.538942
3080200,1295350.0,685931.700101
3080400,1289847.0,737437.637617
3080600,1074077.0,545257.003274
3080800,2862258.0,853758.747795
3081000,1214766.0,484450.261369
3081400,1175269.0,602099.470852
3081600,1307209.0,710207.592554
3081800,1154325.0,613527.167117
3082000,1106215.0,665523.056282
3082200,1437900.0,680352.493611
3082400,1477609.0,838639.755154
3082600,1340889.0,782374.290912
3082800,1078727.0,641177.45559
3083000,1463682.0,694833.338165
3083200,1059329.0,505198.64815
3083400,904436.0,430099.139096
3083600,1469179.0,788977.168798
3083800,1200766.0,601010.091419
3084000,1198986.0,630479.712627
3084600,1117811.0,608908.198025
3084800,929989.0,481083.849116
3085000,893954.0,437653.687525
3085200,2876578.0,37686.3636086
3085400,818775.0,413303.684555
3085600,1097327.0,583352.776453
3085800,945046.0,485111.328513
3086000,1202673.0,670330.953992
3086200,970247.0,573557.73718
3086400,901254.0,446561.280799
3086600,1065828.0,574239.92993
3086800,1159359.0,706327.849766
3087000,1071805.0,575173.641026
3087200,1016842.0,537927.467076
3087401,915767.0,457232.291626
3087600,1074081.0,392515.346784
3087800,1057110.0,567555.773336
3088000,1142412.0,575950.442403
3088200,1540022.0,865636.153321
3088400,1276777.0,815220.501108
3088600,1164103.0,628196.830914
3088800,1204244.0,679348.956393
3089000,1576879.0,1034446.49559
3089200,1056154.0,720066.661748
3089400,1156406.0,622199.699815
3089600,970106.0,515701.042477
3089800,1104810.0,408434.994649
3090000,1614992.0,883268.416875
3090200,1340235.0,618376.07847
3090600,1509677.0,604594.99858
3090800,1359819.0,724759.861944
3091000,1398491.0,410193.904073
3091200,1574085.0,283545.944048
3091600,1385698.0,750147.788389
3091800,1182154.0,489115.039333
3092000,1374692.0,586052.86815
3092200,1249249.0,531176.686563
3092400,1618687.0,835649.78701
3092800,1053983.0,502949.864875
3093000,1381152.0,602597.890182
3093200,1990531.0,1204423.39104
3093400,1166493.0,505777.029133
3093600,1167936.0,494854.241306
3093800,833439.0,475054.483841
3094401,2309611.0,1060800.70819
3094402,915230.0,171794.497228
3094600,1482181.0,766941.271243
3095000,1512320.0,646081.83724
3095400,1657475.0,702170.32634
3095600,1677233.0,711124.187846
3095800,1518495.0,684278.331671
3096000,2126683.0,1431973.43834
3096200,1248501.0,580967.06609
3096400,1157090.0,518534.508466
3096600,1270592.0,519979.379804
3096800,999018.0,456024.499588
3097000,1184823.0,502905.607614
3097400,1582808.0,612345.690299
3098200,2735749.0,394011.97544
3098400,812704.0,354567.089072
3098600,1118059.0,427313.909868
3098800,1128803.0,468980.520811
3099000,1184855.0,487890.380203
3099200,926687.0,355691.810634
3099400,1059953.0,331918.019257
3099600,1352347.0,588143.856021
3099800,3934998.0,703081.943296
3100400,948229.0,427960.801112
3100600,1118109.0,455394.773111
3100800,1070040.0,438401.283624
3101000,1237288.0,513372.079166
3101200,1151697.0,429929.019698
3101400,1119842.0,377311.963839
3101600,839842.0,287355.534924
3101800,1426385.0,460718.655687
3102000,1113525.0,360301.328506
3102200,1164061.0,464476.378875
3102400,980910.0,399152.764285
3102600,951334.0,396530.529287
3102800,13680687.0,418397.109973
3103400,11270586.0,293730.587495
3105801,2578032.0,529559.633286
3105804,3370537.0,773625.810012
3107000,24329058.0,2029312.59225
3107800,2618057.0,1550548.63129
3109800,6080374.0,3573009.53723
3110400,4613235.0,2468493.22208
3110600,1264547.0,175074.519522
3111000,1026000.0,157184.017214
3111600,3073653.0,2058839.31132
3111800,1093736.0,520054.869537
3112000,1083671.0,533444.758469
3112200,1080096.0,517280.476416
3112400,1218058.0,620528.343531
3112600,1137820.0,661981.556289
3112800,1296444.0,755769.666792
3113000,1262249.0,609839.078944
3113200,1048971.0,502273.301944
3113400,992878.0,589687.572094
3114201,1963725.0,729440.72564
3114202,886780.0,356016.076664
3114400,2092324.0,1465024.19806
3114600,1065266.0,538064.060603
3115000,976538.0,493857.464305
3115200,1102602.0,524087.908308
3115600,1168749.0,575850.114135
3115800,1083207.0,453710.942671
3116000,1017878.0,393176.479019
3116200,988079.0,418718.172262
3116400,1243986.0,553184.754068
3116600,1023422.0,541027.913063
3116800,910727.0,519675.126313
3117000,1063549.0,534732.923137
3117201,916571.0,461649.451918
3117202,1126509.0,568369.489597
3117400,1509254.0,736785.936755
3117601,1179937.0,508912.509291
3117602,1059775.0,556294.145926
3117800,823993.0,539670.986648
3118000,7890508.0,113473.919811
3118201,913094.0,507131.697302
3118202,873728.0,487773.268383
3118400,1471460.0,844013.282711
3118600,976665.0,500894.006127
3118800,1228078.0,692182.048058
3119000,720212.0,389647.572909
3119200,1524894.0,691782.722842
3119400,1283807.0,634398.818429
3119600,2023564.0,927556.911347
3119800,1932722.0,1180743.83434
3120000,982604.0,402596.891812
3120200,625007.0,289040.643783
3120800,2260597.0,1176772.50282
3121000,1533403.0,188446.634165
3121400,1352400.0,187345.409542
3122000,5557506.0,1788035.99716
3123700,2115465.0,1516392.09298
3150200,1559445.0,782515.917287
3152200,2789346.0,1161717.14387
4000100,8394040.0,3664897.36293
4000200,1185339.0,531348.50075
4000400,1705823.0,843369.113773
4000600,1473985.0,745810.427797
4000700,2971019.0,2097832.88228
4000800,1425555.0,658155.745145
4001000,1290476.0,655104.443743
4001200,1705009.0,819351.553175
4001400,1603932.0,777354.357814
4001600,1111792.0,570819.935914
4001800,1243714.0,600567.201477
4001900,5304962.0,3388149.48174
4002000,964265.0,415772.586043
4002200,1031396.0,498738.137104
4002400,973918.0,477604.456291
4002500,1644152.0,382768.494372
4002600,1131591.0,515722.845357
4002800,1583465.0,766855.58263
4003000,799733.0,350486.601579
4003100,1015212.0,643305.989196
4003200,956915.0,487827.148712
4003300,3083450.0,2080014.09887
4003400,1441786.0,610052.510319
4003600,1229963.0,584993.317357
4003700,2763953.0,585071.812342
4003800,1184950.0,632567.445693
4003900,1049832.0,723391.296389
4004001,1120743.0,544279.151625
4004002,785948.0,367140.885773
4004200,1412173.0,708099.922981
4004300,1275419.0,409479.266115
4004401,1741884.0,743782.523988
4004500,1594249.0,538089.977335
4004700,1242081.0,487505.798133
4005000,1201470.0,3793.24381468
4005100,916336.0,658239.943596
4005200,958635.0,457273.104715
4005300,1389102.0,796809.923774
4005400,2860765.0,1393155.94113
4005500,1130089.0,945943.768196
4005700,1548506.0,1098958.59715
4005800,3386091.0,1428793.52723
4005900,1349253.0,735304.165359
4006100,1399243.0,848468.247515
4006201,2892216.0,803887.672089
4006202,6293344.0,1810636.2259
4006300,1542151.0,925391.412932
4006501,790301.0,476024.577818
4006502,1150694.0,657766.480314
4006900,1504007.0,733740.172911
4007100,1293300.0,775013.231173
4007300,1034003.0,561510.115613
4007500,998976.0,531185.286972
4007700,826758.0,424990.929934
4007900,1159904.0,581986.850304
4008100,692541.0,473583.43178
4008300,1281495.0,694420.089481
4008500,1801683.0,1254955.48292
4008600,2215364.0,942570.153758
4008700,1824013.0,609246.778058
4008800,2178733.0,825862.503814
4009100,1396699.0,619364.483655
4009400,1206038.0,657873.791023
4009500,856071.0,388232.731172
4009600,1482802.0,718221.163177
4009700,1470363.0,741392.385438
4009800,982982.0,551545.955699
4009900,2189060.0,28653.0094341
4010000,1637383.0,760729.589481
4010100,1223668.0,577626.374193
4010200,1524272.0,652101.602267
4010300,1736264.0,737405.982337
4010400,1412544.0,677691.057635
4010500,1471140.0,578410.946579
4010600,1239862.0,636332.742487
4010701,6506633.0,2059984.54105
4010800,1169072.0,583119.980213
4011000,1255429.0,628703.212538
4011100,1073966.0,504699.109722
4011200,1377381.0,665461.541055
4011300,1298841.0,737229.458633
4011400,862181.0,467899.123402
4011500,1221633.0,718709.665644
4011600,994799.0,452495.833302
4011700,1545450.0,818716.201857
4011800,1071371.0,492229.340398
4011900,798327.0,435201.813973
4012000,1034275.0,515191.569649
4012100,992052.0,503923.411977
4012200,1498352.0,713423.758113
4012301,3902301.0,2397369.56648
4012400,1458047.0,678396.615119
4012500,551104.0,280065.091252
4012601,1092336.0,488462.434236
4012602,1115387.0,516503.181324
4012800,1260915.0,542295.069991
4013000,1332340.0,525740.759025
4013200,1186197.0,531301.493762
4013400,1491654.0,613842.970256
4013500,944313.0,396516.454515
4013600,1248645.0,414762.489016
4013700,867018.0,467731.425363
4013800,1202426.0,572898.504531
4014000,1526365.0,705415.39141
4014100,1018093.0,726291.204707
4014201,1410071.0,779979.3416
4014202,3471960.0,1656523.35059
4014300,1007699.0,578350.642261
4014400,1371373.0,764968.959856
4014500,905689.0,461616.153341
4014700,1058870.0,620156.113257
4014800,1105583.0,404601.746711
4014900,762460.0,485016.897422
4015000,1039564.0,461206.979266
4015100,972122.0,480247.86512
4015200,1265599.0,595695.930847
4015300,829171.0,430303.810156
4015400,1026785.0,509708.929022
4015500,1014254.0,673221.915763
4015600,1508525.0,712745.459226
4015700,834084.0,628083.609525
4015801,1998654.0,852804.168968
4015802,2035061.0,1034362.24765
4015900,1214295.0,742979.61836
4016100,759890.0,459490.608057
4016300,1673163.0,510169.947182
4016400,1469484.0,659680.619515
4016600,1432281.0,685964.769448
4016800,1423602.0,597932.489143
4016900,1880083.0,711973.307307
4017000,1483090.0,596232.389027
4017100,5060637.0,1907407.6478
4017200,1288683.0,524161.201523
4017400,1283151.0,542787.586025
4017600,1290673.0,510662.896916
4017800,1220104.0,490722.183154
4017900,3066958.0,2526030.56822
4018000,842523.0,313987.384096
4018101,622778.0,400917.017709
4018102,636651.0,441154.155092
4018200,1537960.0,579550.11648
4018300,1450431.0,800669.203723
4018401,1361734.0,472259.65206
4018402,1537531.0,594103.414366
4018501,644255.0,364937.565987
4018502,662769.0,425342.699249
4018600,1183245.0,374470.53763
4018700,1188594.0,556455.574274
4018800,1225262.0,314042.414099
4018900,1513269.0,1037073.51571
4019000,1345154.0,539918.80066
4019200,1365261.0,500169.313432
4019400,1936885.0,653581.26402
4019600,1576946.0,608083.299952
4019800,1387558.0,593583.196241
4019900,7193420.0,4094002.97639
4020200,806187.0,302652.068825
4020400,1669659.0,768831.76851
4020500,2913065.0,1398428.98863
4020600,920494.0,421454.715908
4020800,2868198.0,1435765.98334
4021200,1433925.0,863480.360316
4021400,2411555.0,1174544.81915
4021600,2694104.0,833556.604278
4021900,9607241.0,5118061.6715
4022001,2293834.0,781207.663922
4022002,2088007.0,860419.598506
4022900,10375342.0,607663.575588
4023000,1192996.0,478444.571396
4023200,2770142.0,993790.962851
4023500,1772368.0,1126647.95931
4023600,1160291.0,593361.900552
4023800,1055513.0,585267.590682
4024000,2029653.0,971400.423867
4024300,3585980.0,1654120.64446
4024500,1374871.0,597686.593586
4024600,1533416.0,388806.4107
4024700,446476.0,215947.077953
4024900,1285672.0,729534.281433
4025100,1702883.0,770718.069609
4025301,774076.0,470039.167099
4025302,648316.0,410594.047218
4025400,4425686.0,1724316.13478
4025500,1258108.0,795539.536006
4025700,1001916.0,630521.209132
4025800,1459282.0,516839.67668
4025900,1152547.0,732708.85479
4026000,1363604.0,410701.699855
4026100,1482125.0,920196.464235
4026200,962267.0,318505.952758
4026300,1253087.0,709482.939836
4026400,1601840.0,528309.774825
4026500,1012173.0,560898.713998
4026600,1104578.0,413046.338007
4026700,1439070.0,921030.019325
4026901,809813.0,529905.408538
4026902,559505.0,354244.118204
4027000,1228263.0,472096.043262
4027100,1080139.0,659415.016611
4027200,1167279.0,455189.444748
4027300,1564721.0,977987.61597
4027400,1108604.0,375051.804635
4027500,1271629.0,788859.08068
4027600,1066452.0,358906.021077
4027700,1269387.0,758604.705451
4027800,1284444.0,335077.129386
4027900,1306377.0,660756.497992
4028000,1208438.0,411541.079018
4028100,1285096.0,682254.353993
4028200,1274138.0,517777.82409
4028300,1288212.0,860139.325365
4028400,2850877.0,1050040.89569
4028500,1156275.0,548569.555414
4028700,1390819.0,815632.339639
4028800,6644626.0,1093562.12683
4028900,1200937.0,719332.808799
4029100,1573702.0,838391.511815
4029300,836700.0,448544.394414
4029400,7693248.0,2176538.92876
4029500,1276512.0,503679.834075
4029700,2662877.0,1483679.53179
4029900,3774069.0,526428.035926
4030600,219767355.0,12777520.3075
4030902,2868047.0,1137110.4467
4030903,2567886.0,1112837.5601
4030904,2462515.0,887819.806927
4031700,3570370.0,1445239.17653
4032000,6317694.0,2611896.87474
4032700,1089524.0,579232.507519
4032800,2431421.0,634744.625576
4032900,2994003.0,1093337.18191
4033000,5843894.0,1863328.22461
4033100,29392782.0,2039360.09872
4033401,2997817.0,950649.198223
4033402,6685027.0,1376711.92286
4033700,1089720.0,549875.60323
4033900,1099171.0,533158.042917
4034700,2135751.0,788237.235067
4035100,974668.0,546586.149639
4035200,4211870.0,1415165.92379
4035300,995630.0,515441.334294
4035700,3571533.0,1294722.9724
4035800,3836109.0,1278941.63258
4036100,1043657.0,464097.987189
4036300,936180.0,422340.402286
4036500,1154613.0,564141.271301
4036600,2447862.0,941264.851819
4036700,1358276.0,583816.468836
4036800,1671070.0,645184.666449
4037100,1106095.0,438266.173676
4037300,1152004.0,525305.39723
4037500,1031425.0,631638.163046
4037600,5591607.0,1727868.95216
4037700,1045974.0,519080.440519
4037900,1422358.0,733060.482223
4038100,1618339.0,745647.527071
4038301,5130560.0,936040.975093
4038302,51699417.0,1913171.89688
4038400,2124483.0,666256.474138
4039400,2561923.0,845723.057233
4039800,1401402.0,524438.488807
4039900,1085776.0,495670.451993
4040000,1268091.0,444538.142582
4040100,1518664.0,800880.020622
4040200,1531241.0,559539.653203
4040300,1446059.0,746448.896741
4040400,3341177.0,1190292.92898
4040500,927809.0,541587.079176
4040700,1427727.0,815833.215047
4040900,1118729.0,587366.785321
4041100,874465.0,452861.04892
4041300,1028151.0,512666.906527
4041400,3656886.0,1360242.28008
4041500,1244788.0,569546.350383
4042400,3249989.0,1057140.11567
4042600,5237490.0,355674.196757
4042700,1120671.0,568463.623087
4043200,1624551.0,465854.171033
4043400,1272864.0,462988.523253
4043701,886657.0,422048.48741
4043702,1213701.0,640726.114023
4043900,1131015.0,566709.301596
4044000,2679106.0,1015980.53028
4044301,851373.0,372627.151082
4044302,1646032.0,1009521.16375
4044400,4582928.0,3262664.67342
4044601,1688639.0,1249212.69581
4044602,1193849.0,596381.24871
4044800,1513506.0,581630.824441
4045000,1184675.0,503160.634087
4045200,1464476.0,321894.861858
4045400,2040907.0,666695.76051
4045500,1400700.0,631827.036765
4045600,951554.0,352240.691612
4045700,1128380.0,519251.825101
4045800,1894761.0,590748.725479
4045900,1002756.0,490726.341453
4046000,1383753.0,900744.291162
4046100,789967.0,448612.124146
4046200,1704056.0,901132.049289
4046300,1122420.0,556807.70488
4046400,1566357.0,423446.137455
4046500,911491.0,504158.327348
4046600,1929093.0,591414.105209
4046700,1021427.0,596073.602213
4046800,1591334.0,791661.849774
4046900,1119184.0,677129.325445
4047000,1699297.0,776550.194785
4047100,1027374.0,500093.106218
4047200,3672526.0,954974.492045
4047300,1081586.0,652571.17004
4047500,1779241.0,871436.067988
4047600,3620086.0,845571.141814
4047800,5220975.0,1515332.03345
4047900,2374544.0,1099724.86695
4048000,1694103.0,665717.314554
4048100,1038248.0,531795.588912
4048200,1715097.0,562300.264732
4048300,1432526.0,631679.723189
4048400,3053986.0,1240067.5607
4048500,1989315.0,1054781.28138
4048900,2231209.0,1006864.33488
4049200,3222409.0,998093.742819
4049301,1194484.0,452105.30247
4049302,1797164.0,879828.48509
4049500,667717.0,283831.223471
4049600,1937301.0,795088.986636
4049700,1554803.0,638036.713942
4049900,2590034.0,1126310.38076
4050000,2231384.0,724267.516064
4050201,1207428.0,423177.833087
4050202,1086909.0,365379.169668
4050400,1524861.0,524053.330282
4050500,684537.0,302042.179279
4050600,1479532.0,518886.237895
4050700,2229283.0,853690.379475
4050800,1586664.0,703513.718175
4051000,1295197.0,457463.735336
4051100,1540797.0,571136.149429
4051200,2460803.0,909101.533247
4051300,1420625.0,563802.258745
4051500,1597554.0,664811.503376
4051600,1282417.0,494613.901056
4051700,1371695.0,593787.898258
4051800,1235831.0,487298.693658
4052000,1240752.0,518190.213128
4052100,1352734.0,682158.068417
4052200,1246820.0,402026.914292
4052400,1448922.0,529505.654407
4052500,1501884.0,722797.982713
4052600,1344980.0,498437.365465
4052800,1302388.0,468397.499368
4053000,1716474.0,601185.570982
4053100,2956984.0,1743485.4828
4053200,1311576.0,544629.808386
4053401,1812246.0,605602.203144
4053500,4025010.0,2431603.79674
4053601,1362245.0,473001.622187
4053800,1313608.0,480933.732327
4053900,4726212.0,1638362.33973
4054000,3678762.0,1344860.94692
4054200,3893077.0,1523166.02117
4054500,784830.0,509796.64767
4054700,901467.0,588601.079652
4054800,1667458.0,629885.842282
4054900,1118663.0,763674.121118
4055100,1065914.0,763837.831397
4055200,2134118.0,722856.080545
4055300,987248.0,728777.382048
4055400,1626170.0,561726.31566
4055500,1108415.0,808465.585527
4055600,1691367.0,601851.773668
4055700,1543177.0,904530.242856
4055800,1391760.0,508836.60364
4055900,1071623.0,733202.370401
4056000,1446345.0,521736.29305
4056100,20661448.0,146504.863407
4056200,1146572.0,407927.870132
4056400,1312473.0,485903.251292
4056500,2997669.0,375725.346931
4056600,1380072.0,517946.708021
4056700,4424969.0,1110015.74408
4056800,4780439.0,2036552.21144
4057700,1355238.0,806103.853798
4057900,482952.0,319760.97349
4058000,3315520.0,1017687.23287
4058100,956960.0,571763.825261
4058200,4468104.0,1322013.62086
4058300,1026960.0,666328.208891
4058500,1205418.0,784276.744746
4058700,1045466.0,640074.678246
4058900,1155061.0,701545.953804
4059000,1079001.0,342946.133459
4059100,1473630.0,911138.108649
4059200,1227347.0,355533.736604
4059300,1870436.0,968758.005892
4059400,1620663.0,505684.005099
4059500,2749772.0,1448103.61987
4059600,1392438.0,507979.305002
4059800,1471195.0,519768.609129
4059900,959485.0,434280.566802
4060000,1273934.0,441714.39091
4060100,1052763.0,545470.64218
4060300,1285787.0,588700.02192
4060600,1551475.0,509622.449556
4060701,4819375.0,44947.0457304
4060800,1542213.0,502991.484532
4061000,1649158.0,397642.809266
4061200,1875067.0,566765.849468
4061301,4420250.0,2416087.63822
4061302,1982676.0,110118.085616
4061400,1590356.0,441109.669695
4061601,2753747.0,822352.349427
4061602,1880560.0,554564.51027
4061800,1787268.0,600091.917101
4061900,1682691.0,855446.288918
4062000,1653778.0,555905.010723
4062100,1837672.0,981615.679882
4062200,2412077.0,760122.925214
4062300,1118226.0,554905.758037
4062400,4799645.0,5406.35706012
4062500,1411683.0,710521.7397
4062600,3158351.0,942499.072375
4062700,1141033.0,673788.818322
4062900,8754629.0,790948.5555
4063000,1400127.0,565089.049652
4063200,2101654.0,857436.408631
4063301,963253.0,485710.535375
4063302,996021.0,520041.345038
4063500,1421348.0,705720.645775
4063700,5298338.0,2523101.2675
4063800,3942795.0,1260221.99565
4063900,1466917.0,693396.910457
4064101,546455.0,244589.613208
4064102,12447836.0,89620.2316184
4064500,2139191.0,949522.9469
4064600,2882566.0,974905.763378
4065000,2776438.0,917299.157713
4065400,4134896.0,835521.081636
4065501,11899500.0,158134.431902
4065600,4410099.0,1204413.24141
4065702,2775982.0,528496.451746
4065703,2032558.0,838761.787985
4065900,1346799.0,543618.571638
4066000,2879085.0,828793.300784
4066100,968425.0,388531.77184
4066300,4001391.0,841732.248503
4066400,236363463.0,13563748.7225
4066501,2101569.0,816906.950773
4066701,1810754.0,753180.890417
4066900,1095895.0,427881.047599
4067100,1658807.0,682063.905594
4067700,1311230.0,564085.73464
4067900,1793417.0,736195.195051
4068000,4278837.0,1413944.11714
4068200,1268843.0,457934.028676
4068300,1354746.0,897098.760574
4068700,1406214.0,697967.236103
4069000,2357051.0,898733.396056
4069300,911000.0,547067.433946
4069400,2514677.0,853722.373078
4069500,1376511.0,648248.573678
4069701,747537.0,458195.882964
4069702,3134442.0,1175087.93724
4070300,1379932.0,589252.795262
4070700,1538302.0,670307.66779
4070900,1560623.0,603137.023324
4071100,1841302.0,1126476.16554
4071303,931208.0,616468.905879
4071304,1117423.0,574629.196173
4071305,905620.0,433253.014403
4071306,1206670.0,657188.375593
4071600,228439001.0,10987691.8362
4071701,1171298.0,614853.380037
4071702,1141340.0,812110.088629
4071900,1018557.0,427927.971005
4072100,1208756.0,635022.118651
4072300,3570349.0,1148818.30954
4072900,1401170.0,566568.755941
4073100,1347838.0,570603.875318
4073700,1172379.0,613318.074239
4073900,1445728.0,649284.119106
4074100,1228457.0,484911.052206
4074300,1409366.0,706779.165553
4074500,1060229.0,381195.076388
4074700,2274471.0,631121.121661
4074900,2426421.0,743215.000256
4075701,1792726.0,701373.409222
4075702,2569178.0,974974.145097
4076901,1062272.0,534400.142913
4076902,626947.0,289135.220098
4077300,2070223.0,400805.19633
4077500,1626659.0,602551.155789
4077902,4510030.0,1546304.9702
4077903,1993584.0,566702.705235
4077904,2726195.0,1102427.05203
4077905,2189028.0,457315.471004
4077906,2105641.0,828479.064362
4077907,1488093.0,609275.213439
4077908,1519353.0,416492.982686
4078800,1391364.0,487753.107938
4079000,1714014.0,615348.525597
4079200,2203918.0,683966.410627
4079300,9036300.0,62572.5377851
4079701,873004.0,352699.11286
4079702,2331704.0,497124.836607
4079900,2041706.0,897438.941199
4080301,2085886.0,872462.97771
4080302,11356882.0,855954.689955
4080900,9040253.0,2782943.81594
4081400,2377191.0,819817.920694
4081800,2448838.0,893383.672419
4083700,4445281.0,1179360.11093
4083800,3502009.0,1367894.34668
4084000,4052072.0,1710285.00326
4084500,1466714.0,624377.706265
4084601,2241507.0,790689.115417
4084602,215931656.0,11276586.9956
4084900,2245754.0,1411753.79276
4085300,1447307.0,917197.30072
4085500,914713.0,541153.887703
4085700,978560.0,487824.690554
4085900,1065679.0,576273.442436
4086100,1093183.0,456734.730111
4086300,999871.0,586270.748041
4086400,10903301.0,1593976.15623
4086500,1219275.0,548491.837998
4086900,3685943.0,2417638.74828
4087100,2607168.0,1721767.03093
4088400,7971599.0,2760817.35065
4088901,4441909.0,1463127.68154
4089200,23409797.0,4169841.56264
4090700,12620001.0,2894567.15074
4091601,36044725.0,3693386.94888
4091602,11490860.0,171559.934047
4091800,9960845.0,124018.477442
4091900,3184857.0,1387504.60017
4092200,4257416.0,1495313.92151
4092500,2303538.0,1135105.78407
4092800,5178357.0,1849844.8256
4092900,7221231.0,2672355.148
4093401,3402189.0,1338172.71048
4093402,5228886.0,1039850.70773
4093800,4603852.0,1143343.01793
4093900,3483106.0,1363578.52703
4094201,3550085.0,1067835.72888
4094202,3676902.0,1101302.82352
4094203,2972354.0,590434.712234
4094500,9535383.0,3131255.35934
4094700,2012498.0,967343.74519
4095400,4101938.0,1453392.22174
4096400,4454299.0,1360107.00441
4097202,713912.0,163840.009387
4097203,15050400.0,714256.39876
4097204,2294126.0,758778.055855
4097300,3617067.0,1004788.83641
4098100,4327676.0,1414163.27323
4098700,5049167.0,1593939.12955
4099100,7305893.0,2150670.96904
4099200,2039550.0,624411.02893
4099701,8324567.0,980447.640532
4099703,3460831.0,916160.682517
4099704,5598224.0,1568227.82674
4099705,2994747.0,713263.573088
4099801,3367994.0,1164399.73744
4099802,2072981.0,652727.4311
4099900,5926250.0,543582.658831
4100801,3319518.0,881340.368152
4100802,7742042.0,2082421.49295
4101001,5635696.0,1769270.03683
4101002,3343138.0,1111305.75926
4101700,6931367.0,2146400.66348
4102900,3046461.0,1040322.11885
4103201,4631273.0,917464.626147
4103202,5544956.0,1972129.32846
4103300,4384037.0,1493726.39996
4103900,6001280.0,1942448.34659
4104700,6290815.0,1990019.39161
4105900,4630303.0,1614762.4379
4107201,11599629.0,1211837.61087
4107202,7808780.0,15784.3657034
4108500,3086325.0,953957.577381
4109300,7173354.0,1762842.8771
4109700,3171252.0,987516.412447
4109900,2564730.0,1067318.12605
4111300,3796845.0,1152111.51024
4112300,1835668.0,788076.827548
4112900,2306139.0,798123.739267
4113300,1625928.0,582620.773073
4113900,2635450.0,990273.520197
4114100,3216462.0,1122938.06254
4114700,2221721.0,732267.541989
4115100,2252395.0,540365.302324
4115500,1300378.0,510305.328517
4115700,2074585.0,826859.999525
4115900,2354679.0,796163.316612
4116100,1360144.0,584850.557338
4116300,1884578.0,863169.562178
4116700,1051367.0,476209.884414
4117100,2680022.0,1150268.1947
4117500,3858982.0,1521072.72615
4118100,1406420.0,542029.198662
4118500,1071886.0,447829.053317
4118700,1388008.0,499680.555363
4118900,1463878.0,562730.796817
4119100,1646176.0,718415.178617
4119300,1626158.0,621051.025092
4119500,1288285.0,450207.671994
4119900,1398526.0,494409.25586
4120100,1208551.0,439524.8174
4120300,1292467.0,451052.453786
4120500,1555767.0,616309.787021
4120700,4466049.0,888440.074647
4121100,6889156.0,20870.0772636
4121500,4924081.0,986768.031268
4122300,3517984.0,1234707.611
4122701,8833669.0,1681512.42803
4122702,3539614.0,859685.58609
4124100,3490182.0,1271640.49235
4124700,3397298.0,1222698.61044
4125700,2283065.0,879967.152988
4126500,1342531.0,554353.30519
4126700,6733642.0,1604859.08397
4127700,7663845.0,2131219.00921
4128300,10823760.0,89081.0729937
4129102,5449466.0,1568307.27439
4129103,3571163.0,964606.323325
4129104,5247677.0,1545455.84463
4130100,4694692.0,1372085.95846
4133300,4677497.0,1568183.27766
4133900,1633693.0,544187.933002
4134100,3812328.0,1283518.95129
4134700,8676536.0,1952601.3515
4136700,5452750.0,1726019.72863
4137700,5538319.0,1711854.55787
4138501,5844171.0,1919704.49758
4138502,16034663.0,30635.8646883
4139900,2400281.0,788025.879205
4140300,2365361.0,796661.801166
4140901,1294412.0,413146.169711
4140902,3373684.0,1012109.30402
4141700,5655688.0,1946472.74595
4142900,3714232.0,1354423.69629
4143500,2406475.0,809590.069293
4144100,2387796.0,801787.377813
4144700,2719058.0,1028876.48058
4145101,1702095.0,615156.32497
4145102,2100922.0,723963.178092
4145900,2608051.0,1004930.2261
4146300,2030792.0,793471.187643
4146700,2151935.0,931892.62981
4147100,2887755.0,1034718.6533
4147900,5318262.0,1481297.48762
4148300,8274961.0,1766758.0736
4150701,6095821.0,1663200.66322
4150702,5785674.0,1622311.67631
4152901,11825010.0,2191516.7259
4152902,7139017.0,2070891.11831
4155101,4228300.0,126017.272963
4155102,10525596.0,3020553.47228
4156700,11662213.0,1470992.18783
4157101,12188048.0,2688323.95958
4157102,1835360.0,571209.42925
4157901,6435439.0,1912260.31508
4157902,5073018.0,1668649.09429
4157903,4767935.0,1547103.53943
4161700,4856046.0,1628117.19192
4162100,4732612.0,1652290.87442
5000300,3603577.0,928287.379512
5000600,14513467.0,1170445.4268
5000700,4557203.0,842998.339076
5000800,5960796.0,1739784.39174
5000900,1689872.0,538121.065307
5001100,2255652.0,940497.615591
5001700,2070156.0,541623.874536
5001800,9045662.0,762463.130708
5002001,3522346.0,677677.22191
5002002,5471017.0,1265634.26332
5002100,12926898.0,1895723.33588
5002700,1948568.0,558269.560579
5002900,3821655.0,1132844.90093
5003300,5542113.0,1177484.9738
5003600,2367684.0,694243.951899
5003900,5082605.0,668849.776445
5004000,6937928.0,2289436.5791
5004700,6145820.0,1146317.23101
5005000,6106670.0,1460406.62989
5005900,11123290.0,1094819.19227
5006400,4779458.0,1359866.22967
5006700,6948976.0,1519515.48104
5007000,23971513.0,3273869.7254
5007400,3840013.0,1067049.95379
5007500,3532892.0,1040059.15929
5007700,1108595.0,385591.720079
5008100,5530245.0,1436237.11321
5009601,5652680.0,1566230.93261
5009602,4397741.0,1361217.59512
5009700,8852109.0,1505305.22095
5010500,6360341.0,1898940.81436
5011201,7542508.0,1864759.57308
5011202,18364534.0,2461338.62636
5011401,3409857.0,785453.160173
5011402,4101932.0,1294953.31977
5012100,5341622.0,1666457.84591
5012200,5921341.0,1925123.48617
5012500,3781883.0,1083899.79258
5012804,20185394.0,1948483.61179
5012805,2914374.0,1243234.20853
5012806,21371133.0,1678397.85762
5013201,3288047.0,882622.116034
5013203,7734476.0,2077623.03768
5013204,6425920.0,1871208.89413
5013301,600394.0,161286.676246
5013302,6089832.0,2079467.86756
5013400,5964243.0,1882333.57026
5013800,9413344.0,2822574.97593
5014100,2505986.0,715344.602899
5014604,8379313.0,2352940.14788
5014605,5398145.0,1528391.37074
5014606,8529731.0,1831049.0285
5014607,4898348.0,1466400.84499
5014608,3260300.0,985270.124557
5014700,14362452.0,1658549.71144
5015100,7650998.0,2297234.17819
5015400,17903160.0,21592.9531735
5015601,10450349.0,2888199.41538
5015602,6235257.0,1650114.60214
5015603,6515556.0,1591555.46022
5016901,4439781.0,1282876.08091
5017005,8021597.0,2114232.82792
5017007,3273049.0,1164136.40478
5017008,7571531.0,2195429.08705
5017009,6659403.0,1845237.45959
5017010,7632006.0,2561532.79533
5017011,5227821.0,1514152.56362
5017012,5181802.0,1521849.49075
5017300,2381548.0,635462.024415
5017600,15287536.0,2784273.85873
5017700,23910088.0,4706296.41504
5018100,41764224.0,2571671.54747
5018701,2888046.0,693971.124868
5018702,7142922.0,2069189.9869
5018901,7766686.0,2313737.11362
5018902,5219193.0,1494754.37864
5019700,2255694.0,755531.987634
5019800,54474846.0,3639817.6278
5020100,4769312.0,1446752.07984
5020700,6525053.0,2445305.15983
5020801,19172803.0,3207207.43423
5020803,15932181.0,2533776.1343
5020804,7973497.0,2281452.2878
5021300,6073366.0,1742654.15305
5022300,5293632.0,1208469.85849
5022600,48947933.0,5929819.53571
5022800,61571568.0,722985.039589
5023100,4696085.0,1225545.96907
5023900,3725030.0,1190680.80528
5024401,23674198.0,2923673.19325
5024402,14150090.0,1647461.22629
5024700,3343643.0,1112489.4878
5024800,11157079.0,2281053.98393
5025100,7943041.0,2323209.65641
5027301,22600132.0,2350951.87399
5027302,8513191.0,1227822.01282
5027702,12604501.0,3287018.92302
5027704,4468129.0,1183224.49669
5027705,4050679.0,1339842.78599
5027706,3429345.0,1118192.59709
5027900,41532419.0,1209898.53576
5029102,24783275.0,2954230.53341
5029103,15536428.0,3076091.92673
5029104,6477436.0,2026419.97236
5030301,4228226.0,1483647.76268
5030302,5720729.0,1765378.42646
5031901,2822002.0,725071.99368
5031902,6320420.0,1329934.27067
5032300,19054456.0,1974496.5311
nan,8617723.0,2666025.57856
